Year,MonthNum,Date,fuel_group,new_private_cars
2015,1,2015-01-01,Battery Electric (BEV),68.0
2015,1,2015-01-01,Diesel,14529.0
2015,1,2015-01-01,Hybrid (HEV),295.0
2015,1,2015-01-01,Other,0.0
2015,1,2015-01-01,Petrol,5194.0
2015,1,2015-01-01,Plug-in Hybrid (PHEV),19.0
2015,2,2015-02-01,Battery Electric (BEV),72.0
2015,2,2015-02-01,Diesel,10902.0
2015,2,2015-02-01,Hybrid (HEV),179.0
2015,2,2015-02-01,Other,1.0
2015,2,2015-02-01,Petrol,4223.0
2015,2,2015-02-01,Plug-in Hybrid (PHEV),7.0
2015,3,2015-03-01,Plug-in Hybrid (PHEV),10.0
2015,3,2015-03-01,Petrol,5029.0
2015,3,2015-03-01,Other,1.0
2015,3,2015-03-01,Diesel,11804.0
2015,3,2015-03-01,Battery Electric (BEV),56.0
2015,3,2015-03-01,Hybrid (HEV),154.0
2015,4,2015-04-01,Battery Electric (BEV),72.0
2015,4,2015-04-01,Diesel,9302.0
2015,4,2015-04-01,Hybrid (HEV),111.0
2015,4,2015-04-01,Other,1.0
2015,4,2015-04-01,Petrol,3669.0
2015,4,2015-04-01,Plug-in Hybrid (PHEV),11.0
2015,5,2015-05-01,Petrol,2435.0
2015,5,2015-05-01,Plug-in Hybrid (PHEV),10.0
2015,5,2015-05-01,Other,0.0
2015,5,2015-05-01,Diesel,6466.0
2015,5,2015-05-01,Battery Electric (BEV),36.0
2015,5,2015-05-01,Hybrid (HEV),80.0
2015,6,2015-06-01,Battery Electric (BEV),13.0
2015,6,2015-06-01,Diesel,2867.0
2015,6,2015-06-01,Hybrid (HEV),38.0
2015,6,2015-06-01,Other,0.0
2015,6,2015-06-01,Petrol,1003.0
2015,6,2015-06-01,Plug-in Hybrid (PHEV),3.0
2015,7,2015-07-01,Other,3.0
2015,7,2015-07-01,Plug-in Hybrid (PHEV),20.0
2015,7,2015-07-01,Petrol,5951.0
2015,7,2015-07-01,Diesel,14967.0
2015,7,2015-07-01,Battery Electric (BEV),61.0
2015,7,2015-07-01,Hybrid (HEV),288.0
2015,8,2015-08-01,Petrol,2312.0
2015,8,2015-08-01,Battery Electric (BEV),49.0
2015,8,2015-08-01,Diesel,6079.0
2015,8,2015-08-01,Hybrid (HEV),121.0
2015,8,2015-08-01,Other,0.0
2015,8,2015-08-01,Plug-in Hybrid (PHEV),11.0
2015,9,2015-09-01,Petrol,1549.0
2015,9,2015-09-01,Plug-in Hybrid (PHEV),4.0
2015,9,2015-09-01,Other,0.0
2015,9,2015-09-01,Diesel,4241.0
2015,9,2015-09-01,Hybrid (HEV),104.0
2015,9,2015-09-01,Battery Electric (BEV),26.0
2015,10,2015-10-01,Battery Electric (BEV),11.0
2015,10,2015-10-01,Diesel,2923.0
2015,10,2015-10-01,Hybrid (HEV),49.0
2015,10,2015-10-01,Other,0.0
2015,10,2015-10-01,Petrol,950.0
2015,10,2015-10-01,Plug-in Hybrid (PHEV),10.0
2015,11,2015-11-01,Plug-in Hybrid (PHEV),15.0
2015,11,2015-11-01,Petrol,438.0
2015,11,2015-11-01,Other,0.0
2015,11,2015-11-01,Diesel,1399.0
2015,11,2015-11-01,Battery Electric (BEV),9.0
2015,11,2015-11-01,Hybrid (HEV),13.0
2015,12,2015-12-01,Battery Electric (BEV),3.0
2015,12,2015-12-01,Diesel,624.0
2015,12,2015-12-01,Hybrid (HEV),8.0
2015,12,2015-12-01,Other,0.0
2015,12,2015-12-01,Petrol,210.0
2015,12,2015-12-01,Plug-in Hybrid (PHEV),2.0
2016,1,2016-01-01,Petrol,7700.0
2016,1,2016-01-01,Plug-in Hybrid (PHEV),37.0
2016,1,2016-01-01,Other,0.0
2016,1,2016-01-01,Diesel,18876.0
2016,1,2016-01-01,Battery Electric (BEV),32.0
2016,1,2016-01-01,Hybrid (HEV),461.0
2016,2,2016-02-01,Battery Electric (BEV),92.0
2016,2,2016-02-01,Diesel,14874.0
2016,2,2016-02-01,Hybrid (HEV),321.0
2016,2,2016-02-01,Other,0.0
2016,2,2016-02-01,Petrol,5862.0
2016,2,2016-02-01,Plug-in Hybrid (PHEV),24.0
2016,3,2016-03-01,Diesel,13915.0
2016,3,2016-03-01,Battery Electric (BEV),81.0
2016,3,2016-03-01,Hybrid (HEV),322.0
2016,3,2016-03-01,Other,0.0
2016,3,2016-03-01,Petrol,5753.0
2016,3,2016-03-01,Plug-in Hybrid (PHEV),25.0
2016,4,2016-04-01,Other,0.0
2016,4,2016-04-01,Hybrid (HEV),272.0
2016,4,2016-04-01,Petrol,3809.0
2016,4,2016-04-01,Battery Electric (BEV),51.0
2016,4,2016-04-01,Diesel,10684.0
2016,4,2016-04-01,Plug-in Hybrid (PHEV),31.0
2016,5,2016-05-01,Petrol,2649.0
2016,5,2016-05-01,Plug-in Hybrid (PHEV),21.0
2016,5,2016-05-01,Other,0.0
2016,5,2016-05-01,Battery Electric (BEV),23.0
2016,5,2016-05-01,Diesel,7315.0
2016,5,2016-05-01,Hybrid (HEV),117.0
2016,6,2016-06-01,Battery Electric (BEV),8.0
2016,6,2016-06-01,Diesel,2899.0
2016,6,2016-06-01,Hybrid (HEV),60.0
2016,6,2016-06-01,Other,0.0
2016,6,2016-06-01,Petrol,1169.0
2016,6,2016-06-01,Plug-in Hybrid (PHEV),7.0
2016,7,2016-07-01,Plug-in Hybrid (PHEV),49.0
2016,7,2016-07-01,Petrol,6456.0
2016,7,2016-07-01,Other,0.0
2016,7,2016-07-01,Diesel,15433.0
2016,7,2016-07-01,Battery Electric (BEV),38.0
2016,7,2016-07-01,Hybrid (HEV),486.0
2016,8,2016-08-01,Battery Electric (BEV),32.0
2016,8,2016-08-01,Diesel,6800.0
2016,8,2016-08-01,Hybrid (HEV),193.0
2016,8,2016-08-01,Other,0.0
2016,8,2016-08-01,Petrol,2723.0
2016,8,2016-08-01,Plug-in Hybrid (PHEV),33.0
2016,9,2016-09-01,Plug-in Hybrid (PHEV),36.0
2016,9,2016-09-01,Hybrid (HEV),97.0
2016,9,2016-09-01,Petrol,1618.0
2016,9,2016-09-01,Other,0.0
2016,9,2016-09-01,Battery Electric (BEV),11.0
2016,9,2016-09-01,Diesel,4080.0
2016,10,2016-10-01,Battery Electric (BEV),13.0
2016,10,2016-10-01,Diesel,2712.0
2016,10,2016-10-01,Hybrid (HEV),53.0
2016,10,2016-10-01,Other,0.0
2016,10,2016-10-01,Petrol,1038.0
2016,10,2016-10-01,Plug-in Hybrid (PHEV),15.0
2016,11,2016-11-01,Plug-in Hybrid (PHEV),5.0
2016,11,2016-11-01,Petrol,486.0
2016,11,2016-11-01,Other,0.0
2016,11,2016-11-01,Hybrid (HEV),72.0
2016,11,2016-11-01,Battery Electric (BEV),11.0
2016,11,2016-11-01,Diesel,1272.0
2016,12,2016-12-01,Battery Electric (BEV),0.0
2016,12,2016-12-01,Diesel,446.0
2016,12,2016-12-01,Hybrid (HEV),24.0
2016,12,2016-12-01,Other,0.0
2016,12,2016-12-01,Petrol,209.0
2016,12,2016-12-01,Plug-in Hybrid (PHEV),0.0
2017,1,2017-01-01,Plug-in Hybrid (PHEV),25.0
2017,1,2017-01-01,Petrol,8182.0
2017,1,2017-01-01,Other,0.0
2017,1,2017-01-01,Hybrid (HEV),998.0
2017,1,2017-01-01,Battery Electric (BEV),107.0
2017,1,2017-01-01,Diesel,17356.0
2017,2,2017-02-01,Battery Electric (BEV),89.0
2017,2,2017-02-01,Diesel,10962.0
2017,2,2017-02-01,Hybrid (HEV),610.0
2017,2,2017-02-01,Other,0.0
2017,2,2017-02-01,Petrol,5229.0
2017,2,2017-02-01,Plug-in Hybrid (PHEV),15.0
2017,3,2017-03-01,Plug-in Hybrid (PHEV),20.0
2017,3,2017-03-01,Hybrid (HEV),500.0
2017,3,2017-03-01,Petrol,4920.0
2017,3,2017-03-01,Battery Electric (BEV),49.0
2017,3,2017-03-01,Diesel,11691.0
2017,3,2017-03-01,Other,0.0
2017,4,2017-04-01,Battery Electric (BEV),80.0
2017,4,2017-04-01,Diesel,8946.0
2017,4,2017-04-01,Hybrid (HEV),322.0
2017,4,2017-04-01,Other,0.0
2017,4,2017-04-01,Petrol,4057.0
2017,4,2017-04-01,Plug-in Hybrid (PHEV),22.0
2017,5,2017-05-01,Other,0.0
2017,5,2017-05-01,Plug-in Hybrid (PHEV),13.0
2017,5,2017-05-01,Petrol,3226.0
2017,5,2017-05-01,Hybrid (HEV),260.0
2017,5,2017-05-01,Battery Electric (BEV),34.0
2017,5,2017-05-01,Diesel,6048.0
2017,6,2017-06-01,Battery Electric (BEV),12.0
2017,6,2017-06-01,Diesel,2393.0
2017,6,2017-06-01,Hybrid (HEV),91.0
2017,6,2017-06-01,Other,0.0
2017,6,2017-06-01,Petrol,1081.0
2017,6,2017-06-01,Plug-in Hybrid (PHEV),8.0
2017,7,2017-07-01,Plug-in Hybrid (PHEV),33.0
2017,7,2017-07-01,Petrol,7165.0
2017,7,2017-07-01,Other,0.0
2017,7,2017-07-01,Hybrid (HEV),888.0
2017,7,2017-07-01,Battery Electric (BEV),78.0
2017,7,2017-07-01,Diesel,13152.0
2017,8,2017-08-01,Battery Electric (BEV),65.0
2017,8,2017-08-01,Diesel,5247.0
2017,8,2017-08-01,Hybrid (HEV),286.0
2017,8,2017-08-01,Other,0.0
2017,8,2017-08-01,Petrol,2461.0
2017,8,2017-08-01,Plug-in Hybrid (PHEV),46.0
2017,9,2017-09-01,Plug-in Hybrid (PHEV),33.0
2017,9,2017-09-01,Petrol,1427.0
2017,9,2017-09-01,Other,0.0
2017,9,2017-09-01,Hybrid (HEV),162.0
2017,9,2017-09-01,Diesel,3156.0
2017,9,2017-09-01,Battery Electric (BEV),50.0
2017,10,2017-10-01,Battery Electric (BEV),35.0
2017,10,2017-10-01,Diesel,2116.0
2017,10,2017-10-01,Hybrid (HEV),115.0
2017,10,2017-10-01,Other,0.0
2017,10,2017-10-01,Petrol,960.0
2017,10,2017-10-01,Plug-in Hybrid (PHEV),29.0
2017,11,2017-11-01,Plug-in Hybrid (PHEV),14.0
2017,11,2017-11-01,Petrol,492.0
2017,11,2017-11-01,Other,0.0
2017,11,2017-11-01,Hybrid (HEV),38.0
2017,11,2017-11-01,Diesel,1031.0
2017,11,2017-11-01,Battery Electric (BEV),19.0
2017,12,2017-12-01,Battery Electric (BEV),5.0
2017,12,2017-12-01,Diesel,394.0
2017,12,2017-12-01,Hybrid (HEV),10.0
2017,12,2017-12-01,Other,0.0
2017,12,2017-12-01,Petrol,191.0
2017,12,2017-12-01,Plug-in Hybrid (PHEV),1.0
2018,1,2018-01-01,Plug-in Hybrid (PHEV),73.0
2018,1,2018-01-01,Petrol,9437.0
2018,1,2018-01-01,Other,0.0
2018,1,2018-01-01,Hybrid (HEV),1819.0
2018,1,2018-01-01,Diesel,14407.0
2018,1,2018-01-01,Battery Electric (BEV),77.0
2018,2,2018-02-01,Battery Electric (BEV),78.0
2018,2,2018-02-01,Diesel,9134.0
2018,2,2018-02-01,Hybrid (HEV),856.0
2018,2,2018-02-01,Other,0.0
2018,2,2018-02-01,Petrol,6355.0
2018,2,2018-02-01,Plug-in Hybrid (PHEV),78.0
2018,3,2018-03-01,Plug-in Hybrid (PHEV),85.0
2018,3,2018-03-01,Petrol,6030.0
2018,3,2018-03-01,Other,0.0
2018,3,2018-03-01,Diesel,9206.0
2018,3,2018-03-01,Battery Electric (BEV),74.0
2018,3,2018-03-01,Hybrid (HEV),693.0
2018,4,2018-04-01,Battery Electric (BEV),153.0
2018,4,2018-04-01,Diesel,6355.0
2018,4,2018-04-01,Hybrid (HEV),491.0
2018,4,2018-04-01,Other,0.0
2018,4,2018-04-01,Petrol,4456.0
2018,4,2018-04-01,Plug-in Hybrid (PHEV),102.0
2018,5,2018-05-01,Petrol,3820.0
2018,5,2018-05-01,Plug-in Hybrid (PHEV),58.0
2018,5,2018-05-01,Hybrid (HEV),491.0
2018,5,2018-05-01,Diesel,4885.0
2018,5,2018-05-01,Battery Electric (BEV),108.0
2018,5,2018-05-01,Other,0.0
2018,6,2018-06-01,Battery Electric (BEV),34.0
2018,6,2018-06-01,Diesel,2009.0
2018,6,2018-06-01,Hybrid (HEV),142.0
2018,6,2018-06-01,Other,0.0
2018,6,2018-06-01,Petrol,1514.0
2018,6,2018-06-01,Plug-in Hybrid (PHEV),17.0
2018,7,2018-07-01,Other,0.0
2018,7,2018-07-01,Battery Electric (BEV),292.0
2018,7,2018-07-01,Diesel,10056.0
2018,7,2018-07-01,Hybrid (HEV),1478.0
2018,7,2018-07-01,Petrol,8792.0
2018,7,2018-07-01,Plug-in Hybrid (PHEV),125.0
2018,8,2018-08-01,Petrol,2894.0
2018,8,2018-08-01,Other,0.0
2018,8,2018-08-01,Plug-in Hybrid (PHEV),62.0
2018,8,2018-08-01,Diesel,4176.0
2018,8,2018-08-01,Battery Electric (BEV),193.0
2018,8,2018-08-01,Hybrid (HEV),356.0
2018,9,2018-09-01,Plug-in Hybrid (PHEV),53.0
2018,9,2018-09-01,Petrol,1554.0
2018,9,2018-09-01,Other,0.0
2018,9,2018-09-01,Diesel,2538.0
2018,9,2018-09-01,Battery Electric (BEV),119.0
2018,9,2018-09-01,Hybrid (HEV),133.0
2018,10,2018-10-01,Battery Electric (BEV),58.0
2018,10,2018-10-01,Diesel,1661.0
2018,10,2018-10-01,Hybrid (HEV),97.0
2018,10,2018-10-01,Other,0.0
2018,10,2018-10-01,Petrol,1030.0
2018,10,2018-10-01,Plug-in Hybrid (PHEV),28.0
2018,11,2018-11-01,Battery Electric (BEV),25.0
2018,11,2018-11-01,Diesel,947.0
2018,11,2018-11-01,Hybrid (HEV),60.0
2018,11,2018-11-01,Other,0.0
2018,11,2018-11-01,Petrol,586.0
2018,11,2018-11-01,Plug-in Hybrid (PHEV),29.0
2018,12,2018-12-01,Other,0.0
2018,12,2018-12-01,Hybrid (HEV),14.0
2018,12,2018-12-01,Petrol,308.0
2018,12,2018-12-01,Battery Electric (BEV),11.0
2018,12,2018-12-01,Diesel,440.0
2018,12,2018-12-01,Plug-in Hybrid (PHEV),5.0
2019,1,2019-01-01,Plug-in Hybrid (PHEV),225.0
2019,1,2019-01-01,Other,0.0
2019,1,2019-01-01,Petrol,8882.0
2019,1,2019-01-01,Diesel,10814.0
2019,1,2019-01-01,Battery Electric (BEV),607.0
2019,1,2019-01-01,Hybrid (HEV),1751.0
2019,2,2019-02-01,Battery Electric (BEV),375.0
2019,2,2019-02-01,Diesel,6849.0
2019,2,2019-02-01,Hybrid (HEV),1202.0
2019,2,2019-02-01,Other,0.0
2019,2,2019-02-01,Petrol,5574.0
2019,2,2019-02-01,Plug-in Hybrid (PHEV),178.0
2019,3,2019-03-01,Plug-in Hybrid (PHEV),149.0
2019,3,2019-03-01,Other,0.0
2019,3,2019-03-01,Petrol,5924.0
2019,3,2019-03-01,Diesel,6902.0
2019,3,2019-03-01,Battery Electric (BEV),321.0
2019,3,2019-03-01,Hybrid (HEV),1108.0
2019,4,2019-04-01,Battery Electric (BEV),307.0
2019,4,2019-04-01,Diesel,6310.0
2019,4,2019-04-01,Hybrid (HEV),1230.0
2019,4,2019-04-01,Other,0.0
2019,4,2019-04-01,Petrol,5814.0
2019,4,2019-04-01,Plug-in Hybrid (PHEV),133.0
2019,5,2019-05-01,Plug-in Hybrid (PHEV),80.0
2019,5,2019-05-01,Petrol,3785.0
2019,5,2019-05-01,Other,0.0
2019,5,2019-05-01,Hybrid (HEV),847.0
2019,5,2019-05-01,Battery Electric (BEV),257.0
2019,5,2019-05-01,Diesel,4157.0
2019,6,2019-06-01,Battery Electric (BEV),76.0
2019,6,2019-06-01,Diesel,1970.0
2019,6,2019-06-01,Hybrid (HEV),259.0
2019,6,2019-06-01,Other,0.0
2019,6,2019-06-01,Petrol,1508.0
2019,6,2019-06-01,Plug-in Hybrid (PHEV),45.0
2019,7,2019-07-01,Plug-in Hybrid (PHEV),205.0
2019,7,2019-07-01,Petrol,8256.0
2019,7,2019-07-01,Other,0.0
2019,7,2019-07-01,Hybrid (HEV),2001.0
2019,7,2019-07-01,Battery Electric (BEV),512.0
2019,7,2019-07-01,Diesel,7767.0
2019,8,2019-08-01,Battery Electric (BEV),303.0
2019,8,2019-08-01,Diesel,3522.0
2019,8,2019-08-01,Hybrid (HEV),646.0
2019,8,2019-08-01,Other,0.0
2019,8,2019-08-01,Petrol,2616.0
2019,8,2019-08-01,Plug-in Hybrid (PHEV),115.0
2019,9,2019-09-01,Plug-in Hybrid (PHEV),67.0
2019,9,2019-09-01,Other,0.0
2019,9,2019-09-01,Petrol,1468.0
2019,9,2019-09-01,Diesel,2144.0
2019,9,2019-09-01,Battery Electric (BEV),146.0
2019,9,2019-09-01,Hybrid (HEV),279.0
2019,10,2019-10-01,Battery Electric (BEV),215.0
2019,10,2019-10-01,Diesel,1611.0
2019,10,2019-10-01,Hybrid (HEV),148.0
2019,10,2019-10-01,Other,0.0
2019,10,2019-10-01,Petrol,1166.0
2019,10,2019-10-01,Plug-in Hybrid (PHEV),74.0
2019,11,2019-11-01,Plug-in Hybrid (PHEV),39.0
2019,11,2019-11-01,Petrol,510.0
2019,11,2019-11-01,Other,0.0
2019,11,2019-11-01,Hybrid (HEV),79.0
2019,11,2019-11-01,Battery Electric (BEV),194.0
2019,11,2019-11-01,Diesel,854.0
2019,12,2019-12-01,Battery Electric (BEV),130.0
2019,12,2019-12-01,Diesel,301.0
2019,12,2019-12-01,Hybrid (HEV),29.0
2019,12,2019-12-01,Other,0.0
2019,12,2019-12-01,Petrol,258.0
2019,12,2019-12-01,Plug-in Hybrid (PHEV),11.0
2020,1,2020-01-01,Plug-in Hybrid (PHEV),428.0
2020,1,2020-01-01,Other,0.0
2020,1,2020-01-01,Petrol,7889.0
2020,1,2020-01-01,Diesel,8468.0
2020,1,2020-01-01,Battery Electric (BEV),579.0
2020,1,2020-01-01,Hybrid (HEV),3301.0
2020,2,2020-02-01,Battery Electric (BEV),439.0
2020,2,2020-02-01,Diesel,5859.0
2020,2,2020-02-01,Hybrid (HEV),1675.0
2020,2,2020-02-01,Other,0.0
2020,2,2020-02-01,Petrol,5020.0
2020,2,2020-02-01,Plug-in Hybrid (PHEV),270.0
2020,3,2020-03-01,Plug-in Hybrid (PHEV),249.0
2020,3,2020-03-01,Other,0.0
2020,3,2020-03-01,Petrol,3734.0
2020,3,2020-03-01,Diesel,4910.0
2020,3,2020-03-01,Battery Electric (BEV),477.0
2020,3,2020-03-01,Hybrid (HEV),869.0
2020,4,2020-04-01,Battery Electric (BEV),100.0
2020,4,2020-04-01,Diesel,692.0
2020,4,2020-04-01,Hybrid (HEV),96.0
2020,4,2020-04-01,Other,0.0
2020,4,2020-04-01,Petrol,414.0
2020,4,2020-04-01,Plug-in Hybrid (PHEV),36.0
2020,5,2020-05-01,Petrol,471.0
2020,5,2020-05-01,Battery Electric (BEV),147.0
2020,5,2020-05-01,Diesel,664.0
2020,5,2020-05-01,Hybrid (HEV),123.0
2020,5,2020-05-01,Other,0.0
2020,5,2020-05-01,Plug-in Hybrid (PHEV),85.0
2020,6,2020-06-01,Petrol,836.0
2020,6,2020-06-01,Other,0.0
2020,6,2020-06-01,Plug-in Hybrid (PHEV),62.0
2020,6,2020-06-01,Diesel,1044.0
2020,6,2020-06-01,Battery Electric (BEV),98.0
2020,6,2020-06-01,Hybrid (HEV),149.0
2020,7,2020-07-01,Battery Electric (BEV),520.0
2020,7,2020-07-01,Diesel,6440.0
2020,7,2020-07-01,Hybrid (HEV),2003.0
2020,7,2020-07-01,Other,0.0
2020,7,2020-07-01,Petrol,5829.0
2020,7,2020-07-01,Plug-in Hybrid (PHEV),537.0
2020,8,2020-08-01,Plug-in Hybrid (PHEV),310.0
2020,8,2020-08-01,Petrol,2716.0
2020,8,2020-08-01,Other,0.0
2020,8,2020-08-01,Hybrid (HEV),815.0
2020,8,2020-08-01,Diesel,3130.0
2020,8,2020-08-01,Battery Electric (BEV),389.0
2020,9,2020-09-01,Battery Electric (BEV),596.0
2020,9,2020-09-01,Diesel,2161.0
2020,9,2020-09-01,Hybrid (HEV),643.0
2020,9,2020-09-01,Other,0.0
2020,9,2020-09-01,Petrol,2127.0
2020,9,2020-09-01,Plug-in Hybrid (PHEV),220.0
2020,10,2020-10-01,Plug-in Hybrid (PHEV),135.0
2020,10,2020-10-01,Petrol,1576.0
2020,10,2020-10-01,Other,0.0
2020,10,2020-10-01,Hybrid (HEV),380.0
2020,10,2020-10-01,Diesel,1699.0
2020,10,2020-10-01,Battery Electric (BEV),399.0
2020,11,2020-11-01,Battery Electric (BEV),111.0
2020,11,2020-11-01,Diesel,664.0
2020,11,2020-11-01,Hybrid (HEV),137.0
2020,11,2020-11-01,Other,0.0
2020,11,2020-11-01,Petrol,507.0
2020,11,2020-11-01,Plug-in Hybrid (PHEV),49.0
2020,12,2020-12-01,Plug-in Hybrid (PHEV),21.0
2020,12,2020-12-01,Petrol,388.0
2020,12,2020-12-01,Other,0.0
2020,12,2020-12-01,Diesel,477.0
2020,12,2020-12-01,Battery Electric (BEV),85.0
2020,12,2020-12-01,Hybrid (HEV),61.0
2021,1,2021-01-01,Battery Electric (BEV),739.0
2021,1,2021-01-01,Diesel,5801.0
2021,1,2021-01-01,Hybrid (HEV),4015.0
2021,1,2021-01-01,Other,9.0
2021,1,2021-01-01,Petrol,5557.0
2021,1,2021-01-01,Plug-in Hybrid (PHEV),827.0
2021,2,2021-02-01,Petrol,3610.0
2021,2,2021-02-01,Plug-in Hybrid (PHEV),715.0
2021,2,2021-02-01,Other,0.0
2021,2,2021-02-01,Hybrid (HEV),2272.0
2021,2,2021-02-01,Diesel,4505.0
2021,2,2021-02-01,Battery Electric (BEV),570.0
2021,3,2021-03-01,Battery Electric (BEV),1005.0
2021,3,2021-03-01,Diesel,3960.0
2021,3,2021-03-01,Hybrid (HEV),1765.0
2021,3,2021-03-01,Other,0.0
2021,3,2021-03-01,Petrol,3192.0
2021,3,2021-03-01,Plug-in Hybrid (PHEV),750.0
2021,4,2021-04-01,Plug-in Hybrid (PHEV),739.0
2021,4,2021-04-01,Petrol,2491.0
2021,4,2021-04-01,Other,0.0
2021,4,2021-04-01,Diesel,3134.0
2021,4,2021-04-01,Battery Electric (BEV),712.0
2021,4,2021-04-01,Hybrid (HEV),1138.0
2021,5,2021-05-01,Battery Electric (BEV),652.0
2021,5,2021-05-01,Diesel,2632.0
2021,5,2021-05-01,Hybrid (HEV),1112.0
2021,5,2021-05-01,Other,49.0
2021,5,2021-05-01,Petrol,2323.0
2021,5,2021-05-01,Plug-in Hybrid (PHEV),569.0
2021,6,2021-06-01,Petrol,1796.0
2021,6,2021-06-01,Plug-in Hybrid (PHEV),331.0
2021,6,2021-06-01,Other,27.0
2021,6,2021-06-01,Hybrid (HEV),670.0
2021,6,2021-06-01,Diesel,1649.0
2021,6,2021-06-01,Battery Electric (BEV),507.0
2021,7,2021-07-01,Battery Electric (BEV),1464.0
2021,7,2021-07-01,Diesel,6073.0
2021,7,2021-07-01,Hybrid (HEV),3750.0
2021,7,2021-07-01,Other,138.0
2021,7,2021-07-01,Petrol,6929.0
2021,7,2021-07-01,Plug-in Hybrid (PHEV),1878.0
2021,8,2021-08-01,Plug-in Hybrid (PHEV),771.0
2021,8,2021-08-01,Petrol,2793.0
2021,8,2021-08-01,Other,27.0
2021,8,2021-08-01,Hybrid (HEV),1311.0
2021,8,2021-08-01,Diesel,2716.0
2021,8,2021-08-01,Battery Electric (BEV),945.0
2021,9,2021-09-01,Battery Electric (BEV),876.0
2021,9,2021-09-01,Diesel,1871.0
2021,9,2021-09-01,Hybrid (HEV),1023.0
2021,9,2021-09-01,Other,17.0
2021,9,2021-09-01,Petrol,2056.0
2021,9,2021-09-01,Plug-in Hybrid (PHEV),511.0
2021,10,2021-10-01,Petrol,1197.0
2021,10,2021-10-01,Other,8.0
2021,10,2021-10-01,Plug-in Hybrid (PHEV),355.0
2021,10,2021-10-01,Diesel,1197.0
2021,10,2021-10-01,Battery Electric (BEV),619.0
2021,10,2021-10-01,Hybrid (HEV),506.0
2021,11,2021-11-01,Battery Electric (BEV),325.0
2021,11,2021-11-01,Diesel,636.0
2021,11,2021-11-01,Hybrid (HEV),302.0
2021,11,2021-11-01,Other,13.0
2021,11,2021-11-01,Petrol,750.0
2021,11,2021-11-01,Plug-in Hybrid (PHEV),141.0
2021,12,2021-12-01,Plug-in Hybrid (PHEV),39.0
2021,12,2021-12-01,Petrol,256.0
2021,12,2021-12-01,Other,4.0
2021,12,2021-12-01,Hybrid (HEV),171.0
2021,12,2021-12-01,Diesel,222.0
2021,12,2021-12-01,Battery Electric (BEV),140.0
2022,1,2022-01-01,Battery Electric (BEV),1813.0
2022,1,2022-01-01,Diesel,3116.0
2022,1,2022-01-01,Hybrid (HEV),4850.0
2022,1,2022-01-01,Other,186.0
2022,1,2022-01-01,Petrol,4342.0
2022,1,2022-01-01,Plug-in Hybrid (PHEV),1507.0
2022,2,2022-02-01,Plug-in Hybrid (PHEV),1032.0
2022,2,2022-02-01,Petrol,3544.0
2022,2,2022-02-01,Other,215.0
2022,2,2022-02-01,Hybrid (HEV),2930.0
2022,2,2022-02-01,Diesel,4093.0
2022,2,2022-02-01,Battery Electric (BEV),1829.0
2022,3,2022-03-01,Battery Electric (BEV),1746.0
2022,3,2022-03-01,Diesel,3400.0
2022,3,2022-03-01,Hybrid (HEV),2625.0
2022,3,2022-03-01,Other,110.0
2022,3,2022-03-01,Petrol,3095.0
2022,3,2022-03-01,Plug-in Hybrid (PHEV),896.0
2022,4,2022-04-01,Plug-in Hybrid (PHEV),728.0
2022,4,2022-04-01,Petrol,3034.0
2022,4,2022-04-01,Other,72.0
2022,4,2022-04-01,Hybrid (HEV),2120.0
2022,4,2022-04-01,Diesel,2731.0
2022,4,2022-04-01,Battery Electric (BEV),1360.0
2022,5,2022-05-01,Battery Electric (BEV),1077.0
2022,5,2022-05-01,Diesel,2079.0
2022,5,2022-05-01,Hybrid (HEV),1275.0
2022,5,2022-05-01,Other,27.0
2022,5,2022-05-01,Petrol,2212.0
2022,5,2022-05-01,Plug-in Hybrid (PHEV),450.0
2022,6,2022-06-01,Petrol,1238.0
2022,6,2022-06-01,Other,15.0
2022,6,2022-06-01,Plug-in Hybrid (PHEV),210.0
2022,6,2022-06-01,Diesel,1313.0
2022,6,2022-06-01,Battery Electric (BEV),484.0
2022,6,2022-06-01,Hybrid (HEV),514.0
2022,7,2022-07-01,Battery Electric (BEV),1796.0
2022,7,2022-07-01,Diesel,4199.0
2022,7,2022-07-01,Hybrid (HEV),3150.0
2022,7,2022-07-01,Other,56.0
2022,7,2022-07-01,Petrol,4852.0
2022,7,2022-07-01,Plug-in Hybrid (PHEV),1025.0
2022,8,2022-08-01,Plug-in Hybrid (PHEV),651.0
2022,8,2022-08-01,Petrol,3125.0
2022,8,2022-08-01,Other,19.0
2022,8,2022-08-01,Hybrid (HEV),1168.0
2022,8,2022-08-01,Diesel,2466.0
2022,8,2022-08-01,Battery Electric (BEV),1513.0
2022,9,2022-09-01,Battery Electric (BEV),1888.0
2022,9,2022-09-01,Diesel,1716.0
2022,9,2022-09-01,Hybrid (HEV),725.0
2022,9,2022-09-01,Other,7.0
2022,9,2022-09-01,Petrol,2473.0
2022,9,2022-09-01,Plug-in Hybrid (PHEV),506.0
2022,10,2022-10-01,Petrol,1512.0
2022,10,2022-10-01,Other,3.0
2022,10,2022-10-01,Plug-in Hybrid (PHEV),271.0
2022,10,2022-10-01,Diesel,1196.0
2022,10,2022-10-01,Battery Electric (BEV),1201.0
2022,10,2022-10-01,Hybrid (HEV),344.0
2022,11,2022-11-01,Battery Electric (BEV),584.0
2022,11,2022-11-01,Diesel,580.0
2022,11,2022-11-01,Hybrid (HEV),152.0
2022,11,2022-11-01,Other,5.0
2022,11,2022-11-01,Petrol,906.0
2022,11,2022-11-01,Plug-in Hybrid (PHEV),126.0
2022,12,2022-12-01,Petrol,294.0
2022,12,2022-12-01,Other,2.0
2022,12,2022-12-01,Plug-in Hybrid (PHEV),45.0
2022,12,2022-12-01,Diesel,299.0
2022,12,2022-12-01,Battery Electric (BEV),171.0
2022,12,2022-12-01,Hybrid (HEV),55.0
2023,1,2023-01-01,Petrol,5819.0
2023,1,2023-01-01,Other,0.0
2023,1,2023-01-01,Plug-in Hybrid (PHEV),1291.0
2023,1,2023-01-01,Diesel,3427.0
2023,1,2023-01-01,Battery Electric (BEV),2531.0
2023,1,2023-01-01,Hybrid (HEV),3719.0
2023,2,2023-02-01,Battery Electric (BEV),2052.0
2023,2,2023-02-01,Diesel,3075.0
2023,2,2023-02-01,Hybrid (HEV),2285.0
2023,2,2023-02-01,Other,1.0
2023,2,2023-02-01,Petrol,4706.0
2023,2,2023-02-01,Plug-in Hybrid (PHEV),1165.0
2023,3,2023-03-01,Plug-in Hybrid (PHEV),1336.0
2023,3,2023-03-01,Other,1.0
2023,3,2023-03-01,Petrol,5767.0
2023,3,2023-03-01,Diesel,3568.0
2023,3,2023-03-01,Battery Electric (BEV),2930.0
2023,3,2023-03-01,Hybrid (HEV),2180.0
2023,4,2023-04-01,Battery Electric (BEV),2315.0
2023,4,2023-04-01,Diesel,2386.0
2023,4,2023-04-01,Hybrid (HEV),1643.0
2023,4,2023-04-01,Other,0.0
2023,4,2023-04-01,Petrol,3973.0
2023,4,2023-04-01,Plug-in Hybrid (PHEV),960.0
2023,5,2023-05-01,Plug-in Hybrid (PHEV),825.0
2023,5,2023-05-01,Petrol,3679.0
2023,5,2023-05-01,Other,1.0
2023,5,2023-05-01,Hybrid (HEV),1677.0
2023,5,2023-05-01,Diesel,2180.0
2023,5,2023-05-01,Battery Electric (BEV),2090.0
2023,6,2023-06-01,Battery Electric (BEV),1783.0
2023,6,2023-06-01,Diesel,1195.0
2023,6,2023-06-01,Hybrid (HEV),751.0
2023,6,2023-06-01,Other,0.0
2023,6,2023-06-01,Petrol,1502.0
2023,6,2023-06-01,Plug-in Hybrid (PHEV),353.0
2023,7,2023-07-01,Plug-in Hybrid (PHEV),1409.0
2023,7,2023-07-01,Petrol,5709.0
2023,7,2023-07-01,Other,0.0
2023,7,2023-07-01,Hybrid (HEV),4101.0
2023,7,2023-07-01,Diesel,3822.0
2023,7,2023-07-01,Battery Electric (BEV),3065.0
2023,8,2023-08-01,Battery Electric (BEV),2255.0
2023,8,2023-08-01,Diesel,2831.0
2023,8,2023-08-01,Hybrid (HEV),1916.0
2023,8,2023-08-01,Other,1.0
2023,8,2023-08-01,Petrol,3290.0
2023,8,2023-08-01,Plug-in Hybrid (PHEV),1035.0
2023,9,2023-09-01,Plug-in Hybrid (PHEV),762.0
2023,9,2023-09-01,Petrol,1962.0
2023,9,2023-09-01,Other,0.0
2023,9,2023-09-01,Hybrid (HEV),1088.0
2023,9,2023-09-01,Diesel,1574.0
2023,9,2023-09-01,Battery Electric (BEV),1496.0
2023,10,2023-10-01,Battery Electric (BEV),1150.0
2023,10,2023-10-01,Diesel,1104.0
2023,10,2023-10-01,Hybrid (HEV),509.0
2023,10,2023-10-01,Other,1.0
2023,10,2023-10-01,Petrol,1307.0
2023,10,2023-10-01,Plug-in Hybrid (PHEV),516.0
2023,11,2023-11-01,Petrol,659.0
2023,11,2023-11-01,Other,0.0
2023,11,2023-11-01,Plug-in Hybrid (PHEV),195.0
2023,11,2023-11-01,Diesel,562.0
2023,11,2023-11-01,Battery Electric (BEV),582.0
2023,11,2023-11-01,Hybrid (HEV),293.0
2023,12,2023-12-01,Battery Electric (BEV),244.0
2023,12,2023-12-01,Diesel,214.0
2023,12,2023-12-01,Hybrid (HEV),108.0
2023,12,2023-12-01,Other,0.0
2023,12,2023-12-01,Petrol,373.0
2023,12,2023-12-01,Plug-in Hybrid (PHEV),125.0
