STATISTIC Label,Year,Age Group,Sex,UNIT,VALUE
Population Estimates (Persons in April),2018,Under 1 year,Male,Thousand,31.7
Population Estimates (Persons in April),2018,Under 1 year,Female,Thousand,30
Population Estimates (Persons in April),2018,0 - 4 years,Male,Thousand,163.9
Population Estimates (Persons in April),2018,0 - 4 years,Female,Thousand,156.1
Population Estimates (Persons in April),2018,0 - 14 years,Male,Thousand,519.3
Population Estimates (Persons in April),2018,0 - 14 years,Female,Thousand,495.1
Population Estimates (Persons in April),2018,1 - 4 years,Male,Thousand,132.2
Population Estimates (Persons in April),2018,1 - 4 years,Female,Thousand,126.1
Population Estimates (Persons in April),2018,5 - 9 years,Male,Thousand,183.9
Population Estimates (Persons in April),2018,5 - 9 years,Female,Thousand,175.8
Population Estimates (Persons in April),2018,10 - 14 years,Male,Thousand,171.6
Population Estimates (Persons in April),2018,10 - 14 years,Female,Thousand,163.2
Population Estimates (Persons in April),2018,15 - 19 years,Male,Thousand,162.1
Population Estimates (Persons in April),2018,15 - 19 years,Female,Thousand,156
Population Estimates (Persons in April),2018,15 - 24 years,Male,Thousand,310.4
Population Estimates (Persons in April),2018,15 - 24 years,Female,Thousand,298.8
Population Estimates (Persons in April),2018,15 years and over,Male,Thousand,1900.2
Population Estimates (Persons in April),2018,15 years and over,Female,Thousand,1970.3
Population Estimates (Persons in April),2018,20 - 24 years,Male,Thousand,148.3
Population Estimates (Persons in April),2018,20 - 24 years,Female,Thousand,142.9
Population Estimates (Persons in April),2018,25 - 29 years,Male,Thousand,146.6
Population Estimates (Persons in April),2018,25 - 29 years,Female,Thousand,146.8
Population Estimates (Persons in April),2018,25 - 44 years,Male,Thousand,685.9
Population Estimates (Persons in April),2018,25 - 44 years,Female,Thousand,716.9
Population Estimates (Persons in April),2018,30 - 34 years,Male,Thousand,162.2
Population Estimates (Persons in April),2018,30 - 34 years,Female,Thousand,175.5
Population Estimates (Persons in April),2018,35 - 39 years,Male,Thousand,193.9
Population Estimates (Persons in April),2018,35 - 39 years,Female,Thousand,206.7
Population Estimates (Persons in April),2018,40 - 44 years,Male,Thousand,183.2
Population Estimates (Persons in April),2018,40 - 44 years,Female,Thousand,187.9
Population Estimates (Persons in April),2018,45 - 49 years,Male,Thousand,171.5
Population Estimates (Persons in April),2018,45 - 49 years,Female,Thousand,172
Population Estimates (Persons in April),2018,45 - 64 years,Male,Thousand,586.9
Population Estimates (Persons in April),2018,45 - 64 years,Female,Thousand,595.2
Population Estimates (Persons in April),2018,50 - 54 years,Male,Thousand,153
Population Estimates (Persons in April),2018,50 - 54 years,Female,Thousand,155.7
Population Estimates (Persons in April),2018,55 - 59 years,Male,Thousand,139.2
Population Estimates (Persons in April),2018,55 - 59 years,Female,Thousand,142.3
Population Estimates (Persons in April),2018,60 - 64 years,Male,Thousand,123.2
Population Estimates (Persons in April),2018,60 - 64 years,Female,Thousand,125.2
Population Estimates (Persons in April),2018,65 - 69 years,Male,Thousand,107.8
Population Estimates (Persons in April),2018,65 - 69 years,Female,Thousand,110
Population Estimates (Persons in April),2018,65 years and over,Male,Thousand,317
Population Estimates (Persons in April),2018,65 years and over,Female,Thousand,359.4
Population Estimates (Persons in April),2018,70 - 74 years,Male,Thousand,87.8
Population Estimates (Persons in April),2018,70 - 74 years,Female,Thousand,90.9
Population Estimates (Persons in April),2018,75 - 79 years,Male,Thousand,57.9
Population Estimates (Persons in April),2018,75 - 79 years,Female,Thousand,64.6
Population Estimates (Persons in April),2018,80 - 84 years,Male,Thousand,37.7
Population Estimates (Persons in April),2018,80 - 84 years,Female,Thousand,47.8
Population Estimates (Persons in April),2018,85 years and over,Male,Thousand,25.8
Population Estimates (Persons in April),2018,85 years and over,Female,Thousand,46
Population Estimates (Persons in April),2019,Under 1 year,Male,Thousand,30.8
Population Estimates (Persons in April),2019,Under 1 year,Female,Thousand,29.6
Population Estimates (Persons in April),2019,0 - 4 years,Male,Thousand,161.3
Population Estimates (Persons in April),2019,0 - 4 years,Female,Thousand,153.7
Population Estimates (Persons in April),2019,0 - 14 years,Male,Thousand,520.8
Population Estimates (Persons in April),2019,0 - 14 years,Female,Thousand,494.7
Population Estimates (Persons in April),2019,1 - 4 years,Male,Thousand,130.5
Population Estimates (Persons in April),2019,1 - 4 years,Female,Thousand,124.1
Population Estimates (Persons in April),2019,5 - 9 years,Male,Thousand,182.6
Population Estimates (Persons in April),2019,5 - 9 years,Female,Thousand,173.3
Population Estimates (Persons in April),2019,10 - 14 years,Male,Thousand,176.9
Population Estimates (Persons in April),2019,10 - 14 years,Female,Thousand,167.7
Population Estimates (Persons in April),2019,15 - 19 years,Male,Thousand,163.3
Population Estimates (Persons in April),2019,15 - 19 years,Female,Thousand,158.7
Population Estimates (Persons in April),2019,15 - 24 years,Male,Thousand,316.9
Population Estimates (Persons in April),2019,15 - 24 years,Female,Thousand,306.9
Population Estimates (Persons in April),2019,15 years and over,Male,Thousand,1935.5
Population Estimates (Persons in April),2019,15 years and over,Female,Thousand,2007.5
Population Estimates (Persons in April),2019,20 - 24 years,Male,Thousand,153.6
Population Estimates (Persons in April),2019,20 - 24 years,Female,Thousand,148.1
Population Estimates (Persons in April),2019,25 - 29 years,Male,Thousand,146.5
Population Estimates (Persons in April),2019,25 - 29 years,Female,Thousand,145
Population Estimates (Persons in April),2019,25 - 44 years,Male,Thousand,688.1
Population Estimates (Persons in April),2019,25 - 44 years,Female,Thousand,717.9
Population Estimates (Persons in April),2019,30 - 34 years,Male,Thousand,161.5
Population Estimates (Persons in April),2019,30 - 34 years,Female,Thousand,172.2
Population Estimates (Persons in April),2019,35 - 39 years,Male,Thousand,192.9
Population Estimates (Persons in April),2019,35 - 39 years,Female,Thousand,206.6
Population Estimates (Persons in April),2019,40 - 44 years,Male,Thousand,187.2
Population Estimates (Persons in April),2019,40 - 44 years,Female,Thousand,194.1
Population Estimates (Persons in April),2019,45 - 49 years,Male,Thousand,176.6
Population Estimates (Persons in April),2019,45 - 49 years,Female,Thousand,177.8
Population Estimates (Persons in April),2019,45 - 64 years,Male,Thousand,601.4
Population Estimates (Persons in April),2019,45 - 64 years,Female,Thousand,610.3
Population Estimates (Persons in April),2019,50 - 54 years,Male,Thousand,156
Population Estimates (Persons in April),2019,50 - 54 years,Female,Thousand,157.4
Population Estimates (Persons in April),2019,55 - 59 years,Male,Thousand,142.1
Population Estimates (Persons in April),2019,55 - 59 years,Female,Thousand,146
Population Estimates (Persons in April),2019,60 - 64 years,Male,Thousand,126.8
Population Estimates (Persons in April),2019,60 - 64 years,Female,Thousand,129.1
Population Estimates (Persons in April),2019,65 - 69 years,Male,Thousand,109.5
Population Estimates (Persons in April),2019,65 - 69 years,Female,Thousand,112.1
Population Estimates (Persons in April),2019,65 years and over,Male,Thousand,329.1
Population Estimates (Persons in April),2019,65 years and over,Female,Thousand,372.3
Population Estimates (Persons in April),2019,70 - 74 years,Male,Thousand,91.3
Population Estimates (Persons in April),2019,70 - 74 years,Female,Thousand,95.8
Population Estimates (Persons in April),2019,75 - 79 years,Male,Thousand,61.9
Population Estimates (Persons in April),2019,75 - 79 years,Female,Thousand,68.4
Population Estimates (Persons in April),2019,80 - 84 years,Male,Thousand,39.1
Population Estimates (Persons in April),2019,80 - 84 years,Female,Thousand,49.1
Population Estimates (Persons in April),2019,85 years and over,Male,Thousand,27.2
Population Estimates (Persons in April),2019,85 years and over,Female,Thousand,46.9
Population Estimates (Persons in April),2020,Under 1 year,Male,Thousand,29.8
Population Estimates (Persons in April),2020,Under 1 year,Female,Thousand,28.3
Population Estimates (Persons in April),2020,0 - 4 years,Male,Thousand,158.8
Population Estimates (Persons in April),2020,0 - 4 years,Female,Thousand,150
Population Estimates (Persons in April),2020,0 - 14 years,Male,Thousand,519.9
Population Estimates (Persons in April),2020,0 - 14 years,Female,Thousand,493.7
Population Estimates (Persons in April),2020,1 - 4 years,Male,Thousand,128.9
Population Estimates (Persons in April),2020,1 - 4 years,Female,Thousand,121.6
Population Estimates (Persons in April),2020,5 - 9 years,Male,Thousand,179.6
Population Estimates (Persons in April),2020,5 - 9 years,Female,Thousand,170.6
Population Estimates (Persons in April),2020,10 - 14 years,Male,Thousand,181.6
Population Estimates (Persons in April),2020,10 - 14 years,Female,Thousand,173.2
Population Estimates (Persons in April),2020,15 - 19 years,Male,Thousand,166.4
Population Estimates (Persons in April),2020,15 - 19 years,Female,Thousand,161
Population Estimates (Persons in April),2020,15 - 24 years,Male,Thousand,324.8
Population Estimates (Persons in April),2020,15 - 24 years,Female,Thousand,313.1
Population Estimates (Persons in April),2020,15 years and over,Male,Thousand,1971.8
Population Estimates (Persons in April),2020,15 years and over,Female,Thousand,2044.4
Population Estimates (Persons in April),2020,20 - 24 years,Male,Thousand,158.4
Population Estimates (Persons in April),2020,20 - 24 years,Female,Thousand,152.1
Population Estimates (Persons in April),2020,25 - 29 years,Male,Thousand,148.1
Population Estimates (Persons in April),2020,25 - 29 years,Female,Thousand,148.3
Population Estimates (Persons in April),2020,25 - 44 years,Male,Thousand,690.9
Population Estimates (Persons in April),2020,25 - 44 years,Female,Thousand,721.1
Population Estimates (Persons in April),2020,30 - 34 years,Male,Thousand,161.2
Population Estimates (Persons in April),2020,30 - 34 years,Female,Thousand,170.3
Population Estimates (Persons in April),2020,35 - 39 years,Male,Thousand,188.1
Population Estimates (Persons in April),2020,35 - 39 years,Female,Thousand,201.7
Population Estimates (Persons in April),2020,40 - 44 years,Male,Thousand,193.5
Population Estimates (Persons in April),2020,40 - 44 years,Female,Thousand,200.8
Population Estimates (Persons in April),2020,45 - 49 years,Male,Thousand,180.1
Population Estimates (Persons in April),2020,45 - 49 years,Female,Thousand,182.6
Population Estimates (Persons in April),2020,45 - 64 years,Male,Thousand,614.2
Population Estimates (Persons in April),2020,45 - 64 years,Female,Thousand,626
Population Estimates (Persons in April),2020,50 - 54 years,Male,Thousand,159.4
Population Estimates (Persons in April),2020,50 - 54 years,Female,Thousand,160.5
Population Estimates (Persons in April),2020,55 - 59 years,Male,Thousand,145.8
Population Estimates (Persons in April),2020,55 - 59 years,Female,Thousand,150.2
Population Estimates (Persons in April),2020,60 - 64 years,Male,Thousand,128.9
Population Estimates (Persons in April),2020,60 - 64 years,Female,Thousand,132.7
Population Estimates (Persons in April),2020,65 - 69 years,Male,Thousand,113
Population Estimates (Persons in April),2020,65 - 69 years,Female,Thousand,115.8
Population Estimates (Persons in April),2020,65 years and over,Male,Thousand,341.9
Population Estimates (Persons in April),2020,65 years and over,Female,Thousand,384.2
Population Estimates (Persons in April),2020,70 - 74 years,Male,Thousand,94.3
Population Estimates (Persons in April),2020,70 - 74 years,Female,Thousand,98.2
Population Estimates (Persons in April),2020,75 - 79 years,Male,Thousand,65.9
Population Estimates (Persons in April),2020,75 - 79 years,Female,Thousand,72.6
Population Estimates (Persons in April),2020,80 - 84 years,Male,Thousand,40.7
Population Estimates (Persons in April),2020,80 - 84 years,Female,Thousand,50.1
Population Estimates (Persons in April),2020,85 years and over,Male,Thousand,28
Population Estimates (Persons in April),2020,85 years and over,Female,Thousand,47.6
Population Estimates (Persons in April),2021,Under 1 year,Male,Thousand,28.4
Population Estimates (Persons in April),2021,Under 1 year,Female,Thousand,27.4
Population Estimates (Persons in April),2021,0 - 4 years,Male,Thousand,154.1
Population Estimates (Persons in April),2021,0 - 4 years,Female,Thousand,146.8
Population Estimates (Persons in April),2021,0 - 14 years,Male,Thousand,515.7
Population Estimates (Persons in April),2021,0 - 14 years,Female,Thousand,491.9
Population Estimates (Persons in April),2021,1 - 4 years,Male,Thousand,125.7
Population Estimates (Persons in April),2021,1 - 4 years,Female,Thousand,119.3
Population Estimates (Persons in April),2021,5 - 9 years,Male,Thousand,176
Population Estimates (Persons in April),2021,5 - 9 years,Female,Thousand,166.7
Population Estimates (Persons in April),2021,10 - 14 years,Male,Thousand,185.6
Population Estimates (Persons in April),2021,10 - 14 years,Female,Thousand,178.5
Population Estimates (Persons in April),2021,15 - 19 years,Male,Thousand,167.6
Population Estimates (Persons in April),2021,15 - 19 years,Female,Thousand,161.4
Population Estimates (Persons in April),2021,15 - 24 years,Male,Thousand,325.9
Population Estimates (Persons in April),2021,15 - 24 years,Female,Thousand,314.4
Population Estimates (Persons in April),2021,15 years and over,Male,Thousand,1998.3
Population Estimates (Persons in April),2021,15 years and over,Female,Thousand,2068.7
Population Estimates (Persons in April),2021,20 - 24 years,Male,Thousand,158.3
Population Estimates (Persons in April),2021,20 - 24 years,Female,Thousand,153.1
Population Estimates (Persons in April),2021,25 - 29 years,Male,Thousand,147.5
Population Estimates (Persons in April),2021,25 - 29 years,Female,Thousand,147.3
Population Estimates (Persons in April),2021,25 - 44 years,Male,Thousand,690.4
Population Estimates (Persons in April),2021,25 - 44 years,Female,Thousand,721.6
Population Estimates (Persons in April),2021,30 - 34 years,Male,Thousand,161
Population Estimates (Persons in April),2021,30 - 34 years,Female,Thousand,169.4
Population Estimates (Persons in April),2021,35 - 39 years,Male,Thousand,184.3
Population Estimates (Persons in April),2021,35 - 39 years,Female,Thousand,198.7
Population Estimates (Persons in April),2021,40 - 44 years,Male,Thousand,197.5
Population Estimates (Persons in April),2021,40 - 44 years,Female,Thousand,206.1
Population Estimates (Persons in April),2021,45 - 49 years,Male,Thousand,183.1
Population Estimates (Persons in April),2021,45 - 49 years,Female,Thousand,185.1
Population Estimates (Persons in April),2021,45 - 64 years,Male,Thousand,629.6
Population Estimates (Persons in April),2021,45 - 64 years,Female,Thousand,637.8
Population Estimates (Persons in April),2021,50 - 54 years,Male,Thousand,164.8
Population Estimates (Persons in April),2021,50 - 54 years,Female,Thousand,164.7
Population Estimates (Persons in April),2021,55 - 59 years,Male,Thousand,149
Population Estimates (Persons in April),2021,55 - 59 years,Female,Thousand,152.2
Population Estimates (Persons in April),2021,60 - 64 years,Male,Thousand,132.7
Population Estimates (Persons in April),2021,60 - 64 years,Female,Thousand,135.8
Population Estimates (Persons in April),2021,65 - 69 years,Male,Thousand,115.5
Population Estimates (Persons in April),2021,65 - 69 years,Female,Thousand,118.6
Population Estimates (Persons in April),2021,65 years and over,Male,Thousand,352.5
Population Estimates (Persons in April),2021,65 years and over,Female,Thousand,395
Population Estimates (Persons in April),2021,70 - 74 years,Male,Thousand,96.5
Population Estimates (Persons in April),2021,70 - 74 years,Female,Thousand,99.8
Population Estimates (Persons in April),2021,75 - 79 years,Male,Thousand,70.4
Population Estimates (Persons in April),2021,75 - 79 years,Female,Thousand,76.8
Population Estimates (Persons in April),2021,80 - 84 years,Male,Thousand,41.6
Population Estimates (Persons in April),2021,80 - 84 years,Female,Thousand,50.8
Population Estimates (Persons in April),2021,85 years and over,Male,Thousand,28.6
Population Estimates (Persons in April),2021,85 years and over,Female,Thousand,49
Population Estimates (Persons in April),2022,Under 1 year,Male,Thousand,29.5
Population Estimates (Persons in April),2022,Under 1 year,Female,Thousand,28.1
Population Estimates (Persons in April),2022,0 - 4 years,Male,Thousand,151.6
Population Estimates (Persons in April),2022,0 - 4 years,Female,Thousand,144.2
Population Estimates (Persons in April),2022,0 - 14 years,Male,Thousand,519
Population Estimates (Persons in April),2022,0 - 14 years,Female,Thousand,495.3
Population Estimates (Persons in April),2022,1 - 4 years,Male,Thousand,122
Population Estimates (Persons in April),2022,1 - 4 years,Female,Thousand,116.1
Population Estimates (Persons in April),2022,5 - 9 years,Male,Thousand,175.9
Population Estimates (Persons in April),2022,5 - 9 years,Female,Thousand,167.7
Population Estimates (Persons in April),2022,10 - 14 years,Male,Thousand,191.5
Population Estimates (Persons in April),2022,10 - 14 years,Female,Thousand,183.4
Population Estimates (Persons in April),2022,15 - 19 years,Male,Thousand,172.6
Population Estimates (Persons in April),2022,15 - 19 years,Female,Thousand,165.1
Population Estimates (Persons in April),2022,15 - 24 years,Male,Thousand,330.6
Population Estimates (Persons in April),2022,15 - 24 years,Female,Thousand,319.1
Population Estimates (Persons in April),2022,15 years and over,Male,Thousand,2043
Population Estimates (Persons in April),2022,15 years and over,Female,Thousand,2126.7
Population Estimates (Persons in April),2022,20 - 24 years,Male,Thousand,158
Population Estimates (Persons in April),2022,20 - 24 years,Female,Thousand,153.9
Population Estimates (Persons in April),2022,25 - 29 years,Male,Thousand,149.1
Population Estimates (Persons in April),2022,25 - 29 years,Female,Thousand,150
Population Estimates (Persons in April),2022,25 - 44 years,Male,Thousand,696.9
Population Estimates (Persons in April),2022,25 - 44 years,Female,Thousand,737.3
Population Estimates (Persons in April),2022,30 - 34 years,Male,Thousand,161.4
Population Estimates (Persons in April),2022,30 - 34 years,Female,Thousand,173.1
Population Estimates (Persons in April),2022,35 - 39 years,Male,Thousand,184.3
Population Estimates (Persons in April),2022,35 - 39 years,Female,Thousand,201.5
Population Estimates (Persons in April),2022,40 - 44 years,Male,Thousand,202.1
Population Estimates (Persons in April),2022,40 - 44 years,Female,Thousand,212.7
Population Estimates (Persons in April),2022,45 - 49 years,Male,Thousand,186.5
Population Estimates (Persons in April),2022,45 - 49 years,Female,Thousand,189.5
Population Estimates (Persons in April),2022,45 - 64 years,Male,Thousand,647.2
Population Estimates (Persons in April),2022,45 - 64 years,Female,Thousand,657.3
Population Estimates (Persons in April),2022,50 - 54 years,Male,Thousand,171.4
Population Estimates (Persons in April),2022,50 - 54 years,Female,Thousand,171.4
Population Estimates (Persons in April),2022,55 - 59 years,Male,Thousand,153.2
Population Estimates (Persons in April),2022,55 - 59 years,Female,Thousand,156.5
Population Estimates (Persons in April),2022,60 - 64 years,Male,Thousand,136
Population Estimates (Persons in April),2022,60 - 64 years,Female,Thousand,139.8
Population Estimates (Persons in April),2022,65 - 69 years,Male,Thousand,118.6
Population Estimates (Persons in April),2022,65 - 69 years,Female,Thousand,121.9
Population Estimates (Persons in April),2022,65 years and over,Male,Thousand,368.2
Population Estimates (Persons in April),2022,65 years and over,Female,Thousand,413.1
Population Estimates (Persons in April),2022,70 - 74 years,Male,Thousand,100.2
Population Estimates (Persons in April),2022,70 - 74 years,Female,Thousand,104.5
Population Estimates (Persons in April),2022,75 - 79 years,Male,Thousand,74.1
Population Estimates (Persons in April),2022,75 - 79 years,Female,Thousand,80.9
Population Estimates (Persons in April),2022,80 - 84 years,Male,Thousand,43.7
Population Estimates (Persons in April),2022,80 - 84 years,Female,Thousand,53
Population Estimates (Persons in April),2022,85 years and over,Male,Thousand,31.6
Population Estimates (Persons in April),2022,85 years and over,Female,Thousand,52.8
Population Estimates (Persons in April),2023,Under 1 year,Male,Thousand,27.4
Population Estimates (Persons in April),2023,Under 1 year,Female,Thousand,28.3
Population Estimates (Persons in April),2023,0 - 4 years,Male,Thousand,149.2
Population Estimates (Persons in April),2023,0 - 4 years,Female,Thousand,144.6
Population Estimates (Persons in April),2023,0 - 14 years,Male,Thousand,516.5
Population Estimates (Persons in April),2023,0 - 14 years,Female,Thousand,495.1
Population Estimates (Persons in April),2023,1 - 4 years,Male,Thousand,121.8
Population Estimates (Persons in April),2023,1 - 4 years,Female,Thousand,116.3
Population Estimates (Persons in April),2023,5 - 9 years,Male,Thousand,173.4
Population Estimates (Persons in April),2023,5 - 9 years,Female,Thousand,165.2
Population Estimates (Persons in April),2023,10 - 14 years,Male,Thousand,193.9
Population Estimates (Persons in April),2023,10 - 14 years,Female,Thousand,185.3
Population Estimates (Persons in April),2023,15 - 19 years,Male,Thousand,178.7
Population Estimates (Persons in April),2023,15 - 19 years,Female,Thousand,170.7
Population Estimates (Persons in April),2023,15 - 24 years,Male,Thousand,340
Population Estimates (Persons in April),2023,15 - 24 years,Female,Thousand,327.2
Population Estimates (Persons in April),2023,15 years and over,Male,Thousand,2089.6
Population Estimates (Persons in April),2023,15 years and over,Female,Thousand,2180.3
Population Estimates (Persons in April),2023,20 - 24 years,Male,Thousand,161.3
Population Estimates (Persons in April),2023,20 - 24 years,Female,Thousand,156.5
Population Estimates (Persons in April),2023,25 - 29 years,Male,Thousand,154.7
Population Estimates (Persons in April),2023,25 - 29 years,Female,Thousand,153.8
Population Estimates (Persons in April),2023,25 - 44 years,Male,Thousand,708.2
Population Estimates (Persons in April),2023,25 - 44 years,Female,Thousand,749.6
Population Estimates (Persons in April),2023,30 - 34 years,Male,Thousand,163.4
Population Estimates (Persons in April),2023,30 - 34 years,Female,Thousand,173.6
Population Estimates (Persons in April),2023,35 - 39 years,Male,Thousand,183.3
Population Estimates (Persons in April),2023,35 - 39 years,Female,Thousand,201.2
Population Estimates (Persons in April),2023,40 - 44 years,Male,Thousand,206.7
Population Estimates (Persons in April),2023,40 - 44 years,Female,Thousand,221
Population Estimates (Persons in April),2023,45 - 49 years,Male,Thousand,188.7
Population Estimates (Persons in April),2023,45 - 49 years,Female,Thousand,194
Population Estimates (Persons in April),2023,45 - 64 years,Male,Thousand,661.5
Population Estimates (Persons in April),2023,45 - 64 years,Female,Thousand,677.2
Population Estimates (Persons in April),2023,50 - 54 years,Male,Thousand,176.4
Population Estimates (Persons in April),2023,50 - 54 years,Female,Thousand,178
Population Estimates (Persons in April),2023,55 - 59 years,Male,Thousand,156.1
Population Estimates (Persons in April),2023,55 - 59 years,Female,Thousand,160.2
Population Estimates (Persons in April),2023,60 - 64 years,Male,Thousand,140.3
Population Estimates (Persons in April),2023,60 - 64 years,Female,Thousand,145
Population Estimates (Persons in April),2023,65 - 69 years,Male,Thousand,120.2
Population Estimates (Persons in April),2023,65 - 69 years,Female,Thousand,124.6
Population Estimates (Persons in April),2023,65 years and over,Male,Thousand,379.9
Population Estimates (Persons in April),2023,65 years and over,Female,Thousand,426.4
Population Estimates (Persons in April),2023,70 - 74 years,Male,Thousand,102.6
Population Estimates (Persons in April),2023,70 - 74 years,Female,Thousand,107.9
Population Estimates (Persons in April),2023,75 - 79 years,Male,Thousand,77.8
Population Estimates (Persons in April),2023,75 - 79 years,Female,Thousand,84.3
Population Estimates (Persons in April),2023,80 - 84 years,Male,Thousand,46.1
Population Estimates (Persons in April),2023,80 - 84 years,Female,Thousand,55.6
Population Estimates (Persons in April),2023,85 years and over,Male,Thousand,33.1
Population Estimates (Persons in April),2023,85 years and over,Female,Thousand,53.9
Population Estimates (Persons in April),2024,Under 1 year,Male,Thousand,28.4
Population Estimates (Persons in April),2024,Under 1 year,Female,Thousand,27.1
Population Estimates (Persons in April),2024,0 - 4 years,Male,Thousand,148.9
Population Estimates (Persons in April),2024,0 - 4 years,Female,Thousand,144.3
Population Estimates (Persons in April),2024,0 - 14 years,Male,Thousand,516
Population Estimates (Persons in April),2024,0 - 14 years,Female,Thousand,494.4
Population Estimates (Persons in April),2024,1 - 4 years,Male,Thousand,120.5
Population Estimates (Persons in April),2024,1 - 4 years,Female,Thousand,117.2
Population Estimates (Persons in April),2024,5 - 9 years,Male,Thousand,171.7
Population Estimates (Persons in April),2024,5 - 9 years,Female,Thousand,163.7
Population Estimates (Persons in April),2024,10 - 14 years,Male,Thousand,195.4
Population Estimates (Persons in April),2024,10 - 14 years,Female,Thousand,186.4
Population Estimates (Persons in April),2024,15 - 19 years,Male,Thousand,185.7
Population Estimates (Persons in April),2024,15 - 19 years,Female,Thousand,173.3
Population Estimates (Persons in April),2024,15 - 24 years,Male,Thousand,351.2
Population Estimates (Persons in April),2024,15 - 24 years,Female,Thousand,330
Population Estimates (Persons in April),2024,15 years and over,Male,Thousand,2141.3
Population Estimates (Persons in April),2024,15 years and over,Female,Thousand,2228.7
Population Estimates (Persons in April),2024,20 - 24 years,Male,Thousand,165.5
Population Estimates (Persons in April),2024,20 - 24 years,Female,Thousand,156.7
Population Estimates (Persons in April),2024,25 - 29 years,Male,Thousand,161.2
Population Estimates (Persons in April),2024,25 - 29 years,Female,Thousand,159
Population Estimates (Persons in April),2024,25 - 44 years,Male,Thousand,718.8
Population Estimates (Persons in April),2024,25 - 44 years,Female,Thousand,760.6
Population Estimates (Persons in April),2024,30 - 34 years,Male,Thousand,166.1
Population Estimates (Persons in April),2024,30 - 34 years,Female,Thousand,175.2
Population Estimates (Persons in April),2024,35 - 39 years,Male,Thousand,182.4
Population Estimates (Persons in April),2024,35 - 39 years,Female,Thousand,200.5
Population Estimates (Persons in April),2024,40 - 44 years,Male,Thousand,209.1
Population Estimates (Persons in April),2024,40 - 44 years,Female,Thousand,225.9
Population Estimates (Persons in April),2024,45 - 49 years,Male,Thousand,193.2
Population Estimates (Persons in April),2024,45 - 49 years,Female,Thousand,200.4
Population Estimates (Persons in April),2024,45 - 64 years,Male,Thousand,678.1
Population Estimates (Persons in April),2024,45 - 64 years,Female,Thousand,698.1
Population Estimates (Persons in April),2024,50 - 54 years,Male,Thousand,180.9
Population Estimates (Persons in April),2024,50 - 54 years,Female,Thousand,184.2
Population Estimates (Persons in April),2024,55 - 59 years,Male,Thousand,159.4
Population Estimates (Persons in April),2024,55 - 59 years,Female,Thousand,163
Population Estimates (Persons in April),2024,60 - 64 years,Male,Thousand,144.6
Population Estimates (Persons in April),2024,60 - 64 years,Female,Thousand,150.6
Population Estimates (Persons in April),2024,65 - 69 years,Male,Thousand,123.2
Population Estimates (Persons in April),2024,65 - 69 years,Female,Thousand,128.2
Population Estimates (Persons in April),2024,65 years and over,Male,Thousand,393.1
Population Estimates (Persons in April),2024,65 years and over,Female,Thousand,440.1
Population Estimates (Persons in April),2024,70 - 74 years,Male,Thousand,104.6
Population Estimates (Persons in April),2024,70 - 74 years,Female,Thousand,110
Population Estimates (Persons in April),2024,75 - 79 years,Male,Thousand,81.1
Population Estimates (Persons in April),2024,75 - 79 years,Female,Thousand,88
Population Estimates (Persons in April),2024,80 - 84 years,Male,Thousand,48.8
Population Estimates (Persons in April),2024,80 - 84 years,Female,Thousand,58.1
Population Estimates (Persons in April),2024,85 years and over,Male,Thousand,35.4
Population Estimates (Persons in April),2024,85 years and over,Female,Thousand,55.8
Population Estimates (Persons in April),2025,Under 1 year,Male,Thousand,28.4
Population Estimates (Persons in April),2025,Under 1 year,Female,Thousand,26.7
Population Estimates (Persons in April),2025,0 - 4 years,Male,Thousand,147.1
Population Estimates (Persons in April),2025,0 - 4 years,Female,Thousand,142.9
Population Estimates (Persons in April),2025,0 - 14 years,Male,Thousand,509.5
Population Estimates (Persons in April),2025,0 - 14 years,Female,Thousand,490.6
Population Estimates (Persons in April),2025,1 - 4 years,Male,Thousand,118.7
Population Estimates (Persons in April),2025,1 - 4 years,Female,Thousand,116.2
Population Estimates (Persons in April),2025,5 - 9 years,Male,Thousand,168.2
Population Estimates (Persons in April),2025,5 - 9 years,Female,Thousand,161.9
Population Estimates (Persons in April),2025,10 - 14 years,Male,Thousand,194.2
Population Estimates (Persons in April),2025,10 - 14 years,Female,Thousand,185.8
Population Estimates (Persons in April),2025,15 - 19 years,Male,Thousand,191.5
Population Estimates (Persons in April),2025,15 - 19 years,Female,Thousand,178
Population Estimates (Persons in April),2025,15 - 24 years,Male,Thousand,361.4
Population Estimates (Persons in April),2025,15 - 24 years,Female,Thousand,335.2
Population Estimates (Persons in April),2025,15 years and over,Male,Thousand,2193.7
Population Estimates (Persons in April),2025,15 years and over,Female,Thousand,2264.8
Population Estimates (Persons in April),2025,20 - 24 years,Male,Thousand,169.9
Population Estimates (Persons in April),2025,20 - 24 years,Female,Thousand,157.2
Population Estimates (Persons in April),2025,25 - 29 years,Male,Thousand,167.9
Population Estimates (Persons in April),2025,25 - 29 years,Female,Thousand,161.9
Population Estimates (Persons in April),2025,25 - 44 years,Male,Thousand,731.8
Population Estimates (Persons in April),2025,25 - 44 years,Female,Thousand,761.8
Population Estimates (Persons in April),2025,30 - 34 years,Male,Thousand,169.4
Population Estimates (Persons in April),2025,30 - 34 years,Female,Thousand,174.7
Population Estimates (Persons in April),2025,35 - 39 years,Male,Thousand,184.7
Population Estimates (Persons in April),2025,35 - 39 years,Female,Thousand,199.4
Population Estimates (Persons in April),2025,40 - 44 years,Male,Thousand,209.7
Population Estimates (Persons in April),2025,40 - 44 years,Female,Thousand,225.8
Population Estimates (Persons in April),2025,45 - 49 years,Male,Thousand,199.8
Population Estimates (Persons in April),2025,45 - 49 years,Female,Thousand,207.3
Population Estimates (Persons in April),2025,45 - 64 years,Male,Thousand,694.3
Population Estimates (Persons in April),2025,45 - 64 years,Female,Thousand,712.9
Population Estimates (Persons in April),2025,50 - 54 years,Male,Thousand,183.8
Population Estimates (Persons in April),2025,50 - 54 years,Female,Thousand,186.7
Population Estimates (Persons in April),2025,55 - 59 years,Male,Thousand,162.8
Population Estimates (Persons in April),2025,55 - 59 years,Female,Thousand,165.1
Population Estimates (Persons in April),2025,60 - 64 years,Male,Thousand,147.8
Population Estimates (Persons in April),2025,60 - 64 years,Female,Thousand,153.8
Population Estimates (Persons in April),2025,65 - 69 years,Male,Thousand,125.8
Population Estimates (Persons in April),2025,65 - 69 years,Female,Thousand,131.4
Population Estimates (Persons in April),2025,65 years and over,Male,Thousand,406.2
Population Estimates (Persons in April),2025,65 years and over,Female,Thousand,454.9
Population Estimates (Persons in April),2025,70 - 74 years,Male,Thousand,106.8
Population Estimates (Persons in April),2025,70 - 74 years,Female,Thousand,112.5
Population Estimates (Persons in April),2025,75 - 79 years,Male,Thousand,84.3
Population Estimates (Persons in April),2025,75 - 79 years,Female,Thousand,91.9
Population Estimates (Persons in April),2025,80 - 84 years,Male,Thousand,51.6
Population Estimates (Persons in April),2025,80 - 84 years,Female,Thousand,60.9
Population Estimates (Persons in April),2025,85 years and over,Male,Thousand,37.7
Population Estimates (Persons in April),2025,85 years and over,Female,Thousand,58.3
